Cities,MAE,R2,Accuracy
Sydney,3.6250718,0.24505434758402234,83.91432464122772
Melbourne,4.0510526,0.3587458588086775,79.24848645925522
Brisbane,3.0549228,0.3791809157074001,88.17548230290413
Perth,5.1326113,0.5247618435735726,78.43511402606964
Canberra,6.1588836,0.30910693545674117,69.99602019786835
Adelaide,6.1483607,0.3830761864532407,73.1384128332138
