Cities,MAE,R2,Accuracy
Sydney,2.4895919563306452,0.45247886603618026,88.95283415571703
Melbourne,2.0325657728458792,0.6460724318880062,89.58818341532822
Brisbane,1.7409331279678655,0.5437469465603431,93.2614683799571
Perth,2.287088520453276,0.7706765254995007,90.39069979917875
Canberra,3.569983290207516,0.6131105665757159,82.6082600685605
Adelaide,2.8187189511970363,0.7310647457447459,87.68529284159304
