Cities,MAE,R2,Accuracy
Sydney,4.293954,0.32679718694920157,77.43379771709442
Melbourne,3.3261092,0.40602845960996403,78.10610979795456
Brisbane,4.2773414,0.20071374512330376,81.5685287117958
Perth,4.8030663,0.5006696840434754,75.02433657646179
Canberra,5.1067395,0.2686980202661825,62.51894533634186
Adelaide,4.8128676,0.3777712874840876,73.12676012516022
