Cities,MAE,R2,Accuracy
Sydney,4.236421,0.3606631580208062,77.7361512184143
Melbourne,3.2607965,0.41353408238497524,78.5360261797905
Brisbane,4.059527,0.3049754909846082,82.50711262226105
Perth,4.686484,0.5028405274054183,75.63055753707886
Canberra,5.1259804,0.24409699497178838,62.377724051475525
Adelaide,4.657386,0.39936014750233084,73.9949107170105
